Country Name,Country Code,Series Name,Series Code,2017 [YR2017]
Afghanistan,AFG,"International tourism, receipts (current US$)",ST.INT.RCPT.CD,19000000
Afghanistan,AFG,Net migration,SM.POP.NETM,-299999
Afghanistan,AFG,Population growth (annual %),SP.POP.GROW,2.49078956147291
Afghanistan,AFG,Population density (people per sq. km of land area),EN.POP.DNST,54.4222053732806
Albania,ALB,"International tourism, receipts (current US$)",ST.INT.RCPT.CD,2049000000
Albania,ALB,Net migration,SM.POP.NETM,-40000
Albania,ALB,Population growth (annual %),SP.POP.GROW,-0.0919722937442495
Albania,ALB,Population density (people per sq. km of land area),EN.POP.DNST,104.870693430657
Algeria,DZA,"International tourism, receipts (current US$)",ST.INT.RCPT.CD,172000000
Algeria,DZA,Net migration,SM.POP.NETM,-50002
Algeria,DZA,Population growth (annual %),SP.POP.GROW,1.73845575841731
Algeria,DZA,Population density (people per sq. km of land area),EN.POP.DNST,17.3478809609781
American Samoa,ASM,"International tourism, receipts (current US$)",ST.INT.RCPT.CD,22000000
American Samoa,ASM,Net migration,SM.POP.NETM,..
American Samoa,ASM,Population growth (annual %),SP.POP.GROW,0.0755124091976669
American Samoa,ASM,Population density (people per sq. km of land area),EN.POP.DNST,278.205
Andorra,AND,"International tourism, receipts (current US$)",ST.INT.RCPT.CD,..
Andorra,AND,Net migration,SM.POP.NETM,..
Andorra,AND,Population growth (annual %),SP.POP.GROW,-0.409735671709634
Andorra,AND,Population density (people per sq. km of land area),EN.POP.DNST,163.755319148936
Angola,AGO,"International tourism, receipts (current US$)",ST.INT.RCPT.CD,884000000
Angola,AGO,Net migration,SM.POP.NETM,0
Angola,AGO,Population growth (annual %),SP.POP.GROW,3.31350733468527
Angola,AGO,Population density (people per sq. km of land area),EN.POP.DNST,23.8904251223229
Antigua and Barbuda,ATG,"International tourism, receipts (current US$)",ST.INT.RCPT.CD,774000000
Antigua and Barbuda,ATG,Net migration,SM.POP.NETM,-56
Antigua and Barbuda,ATG,Population growth (annual %),SP.POP.GROW,1.0336340333283
Antigua and Barbuda,ATG,Population density (people per sq. km of land area),EN.POP.DNST,231.845454545455
Argentina,ARG,"International tourism, receipts (current US$)",ST.INT.RCPT.CD,5514000000
Argentina,ARG,Net migration,SM.POP.NETM,24002
Argentina,ARG,Population growth (annual %),SP.POP.GROW,0.96146530564866
Argentina,ARG,Population density (people per sq. km of land area),EN.POP.DNST,16.1768563483624
Armenia,ARM,"International tourism, receipts (current US$)",ST.INT.RCPT.CD,1140000000
Armenia,ARM,Net migration,SM.POP.NETM,-24989
Armenia,ARM,Population growth (annual %),SP.POP.GROW,0.192442213171759
Armenia,ARM,Population density (people per sq. km of land area),EN.POP.DNST,102.931155602388
Aruba,ABW,"International tourism, receipts (current US$)",ST.INT.RCPT.CD,1733000000
Aruba,ABW,Net migration,SM.POP.NETM,1004
Aruba,ABW,Population growth (annual %),SP.POP.GROW,0.420780682346729
Aruba,ABW,Population density (people per sq. km of land area),EN.POP.DNST,584.8
Australia,AUS,"International tourism, receipts (current US$)",ST.INT.RCPT.CD,43982000000
Australia,AUS,Net migration,SM.POP.NETM,849966
Australia,AUS,Population growth (annual %),SP.POP.GROW,1.5903881678407
Australia,AUS,Population density (people per sq. km of land area),EN.POP.DNST,3.19798089448545
Austria,AUT,"International tourism, receipts (current US$)",ST.INT.RCPT.CD,22408000000
Austria,AUT,Net migration,SM.POP.NETM,99999
Austria,AUT,Population growth (annual %),SP.POP.GROW,0.826911085320376
Austria,AUT,Population density (people per sq. km of land area),EN.POP.DNST,106.748569592638
Azerbaijan,AZE,"International tourism, receipts (current US$)",ST.INT.RCPT.CD,3214000000
Azerbaijan,AZE,Net migration,SM.POP.NETM,0
Azerbaijan,AZE,Population growth (annual %),SP.POP.GROW,1.06642921950552
Azerbaijan,AZE,Population density (people per sq. km of land area),EN.POP.DNST,119.298766178783
"Bahamas, The",BHS,"International tourism, receipts (current US$)",ST.INT.RCPT.CD,2598000000
"Bahamas, The",BHS,Net migration,SM.POP.NETM,5000
"Bahamas, The",BHS,Population growth (annual %),SP.POP.GROW,1.04985371711888
"Bahamas, The",BHS,Population density (people per sq. km of land area),EN.POP.DNST,39.4966033966034
Bahrain,BHR,"International tourism, receipts (current US$)",ST.INT.RCPT.CD,3836000000
Bahrain,BHR,Net migration,SM.POP.NETM,235000
Bahrain,BHR,Population growth (annual %),SP.POP.GROW,4.62170395867266
Bahrain,BHR,Population density (people per sq. km of land area),EN.POP.DNST,1918.4883566226
Bangladesh,BGD,"International tourism, receipts (current US$)",ST.INT.RCPT.CD,344000000
Bangladesh,BGD,Net migration,SM.POP.NETM,-2350001
Bangladesh,BGD,Population growth (annual %),SP.POP.GROW,1.04889803870797
Bangladesh,BGD,Population density (people per sq. km of land area),EN.POP.DNST,1265.03611431205
Barbados,BRB,"International tourism, receipts (current US$)",ST.INT.RCPT.CD,1064000000
Barbados,BRB,Net migration,SM.POP.NETM,2072
Barbados,BRB,Population growth (annual %),SP.POP.GROW,0.253366526820706
Barbados,BRB,Population density (people per sq. km of land area),EN.POP.DNST,664.462790697674
Belarus,BLR,"International tourism, receipts (current US$)",ST.INT.RCPT.CD,1134000000
Belarus,BLR,Net migration,SM.POP.NETM,10000
Belarus,BLR,Population growth (annual %),SP.POP.GROW,0.0667143332566244
Belarus,BLR,Population density (people per sq. km of land area),EN.POP.DNST,46.8395897002074
Belgium,BEL,"International tourism, receipts (current US$)",ST.INT.RCPT.CD,13750000000
Belgium,BEL,Net migration,SM.POP.NETM,240000
Belgium,BEL,Population growth (annual %),SP.POP.GROW,0.358059870317671
Belgium,BEL,Population density (people per sq. km of land area),EN.POP.DNST,375.563672391017
Belize,BLZ,"International tourism, receipts (current US$)",ST.INT.RCPT.CD,427000000
Belize,BLZ,Net migration,SM.POP.NETM,6832
Belize,BLZ,Population growth (annual %),SP.POP.GROW,2.08384976822079
Belize,BLZ,Population density (people per sq. km of land area),EN.POP.DNST,16.4261727312582
Benin,BEN,"International tourism, receipts (current US$)",ST.INT.RCPT.CD,..
Benin,BEN,Net migration,SM.POP.NETM,-10000
Benin,BEN,Population growth (annual %),SP.POP.GROW,2.75229761863942
Benin,BEN,Population density (people per sq. km of land area),EN.POP.DNST,99.1104292302235
Bermuda,BMU,"International tourism, receipts (current US$)",ST.INT.RCPT.CD,513000000
Bermuda,BMU,Net migration,SM.POP.NETM,..
Bermuda,BMU,Population growth (annual %),SP.POP.GROW,0.153043265331121
Bermuda,BMU,Population density (people per sq. km of land area),EN.POP.DNST,1211.87034896797
Bhutan,BTN,"International tourism, receipts (current US$)",ST.INT.RCPT.CD,105000000
Bhutan,BTN,Net migration,SM.POP.NETM,0
Bhutan,BTN,Population growth (annual %),SP.POP.GROW,1.22652008648406
Bhutan,BTN,Population density (people per sq. km of land area),EN.POP.DNST,21.172662035351
Bolivia,BOL,"International tourism, receipts (current US$)",ST.INT.RCPT.CD,919000000
Bolivia,BOL,Net migration,SM.POP.NETM,-50005
Bolivia,BOL,Population growth (annual %),SP.POP.GROW,1.49247861908284
Bolivia,BOL,Population density (people per sq. km of land area),EN.POP.DNST,10.2017908243331
Bosnia and Herzegovina,BIH,"International tourism, receipts (current US$)",ST.INT.RCPT.CD,894000000
Bosnia and Herzegovina,BIH,Net migration,SM.POP.NETM,-2506
Bosnia and Herzegovina,BIH,Population growth (annual %),SP.POP.GROW,-0.279021621309928
Bosnia and Herzegovina,BIH,Population density (people per sq. km of land area),EN.POP.DNST,68.49642578125
Botswana,BWA,"International tourism, receipts (current US$)",ST.INT.RCPT.CD,704600000
Botswana,BWA,Net migration,SM.POP.NETM,15000
Botswana,BWA,Population growth (annual %),SP.POP.GROW,1.82311170583398
Botswana,BWA,Population density (people per sq. km of land area),EN.POP.DNST,4.04365570906781
Brazil,BRA,"International tourism, receipts (current US$)",ST.INT.RCPT.CD,6175000000
Brazil,BRA,Net migration,SM.POP.NETM,30000
Brazil,BRA,Population growth (annual %),SP.POP.GROW,0.784485491359962
Brazil,BRA,Population density (people per sq. km of land area),EN.POP.DNST,25.0400541268751
British Virgin Islands,VGB,"International tourism, receipts (current US$)",ST.INT.RCPT.CD,..
British Virgin Islands,VGB,Net migration,SM.POP.NETM,..
British Virgin Islands,VGB,Population growth (annual %),SP.POP.GROW,1.72983927704264
British Virgin Islands,VGB,Population density (people per sq. km of land area),EN.POP.DNST,207.973333333333
Brunei Darussalam,BRN,"International tourism, receipts (current US$)",ST.INT.RCPT.CD,177000000
Brunei Darussalam,BRN,Net migration,SM.POP.NETM,1760
Brunei Darussalam,BRN,Population growth (annual %),SP.POP.GROW,1.29149469752361
Brunei Darussalam,BRN,Population density (people per sq. km of land area),EN.POP.DNST,81.346679316888
Bulgaria,BGR,"International tourism, receipts (current US$)",ST.INT.RCPT.CD,4678000000
Bulgaria,BGR,Net migration,SM.POP.NETM,-24001
Bulgaria,BGR,Population growth (annual %),SP.POP.GROW,-0.729821352336656
Bulgaria,BGR,Population density (people per sq. km of land area),EN.POP.DNST,65.1804624170965
Burkina Faso,BFA,"International tourism, receipts (current US$)",ST.INT.RCPT.CD,..
Burkina Faso,BFA,Net migration,SM.POP.NETM,-125000
Burkina Faso,BFA,Population growth (annual %),SP.POP.GROW,2.89106643716766
Burkina Faso,BFA,Population density (people per sq. km of land area),EN.POP.DNST,70.15125
Burundi,BDI,"International tourism, receipts (current US$)",ST.INT.RCPT.CD,3000000
Burundi,BDI,Net migration,SM.POP.NETM,20000
Burundi,BDI,Population growth (annual %),SP.POP.GROW,3.18076415463639
Burundi,BDI,Population density (people per sq. km of land area),EN.POP.DNST,423.0625
Cabo Verde,CPV,"International tourism, receipts (current US$)",ST.INT.RCPT.CD,462000000
Cabo Verde,CPV,Net migration,SM.POP.NETM,-7392
Cabo Verde,CPV,Population growth (annual %),SP.POP.GROW,1.25753534812847
Cabo Verde,CPV,Population density (people per sq. km of land area),EN.POP.DNST,135.580148883375
Cambodia,KHM,"International tourism, receipts (current US$)",ST.INT.RCPT.CD,4023000000
Cambodia,KHM,Net migration,SM.POP.NETM,-149999
Cambodia,KHM,Population growth (annual %),SP.POP.GROW,1.52990245330362
Cambodia,KHM,Population density (people per sq. km of land area),EN.POP.DNST,90.6717255835033
Cameroon,CMR,"International tourism, receipts (current US$)",ST.INT.RCPT.CD,543000000
Cameroon,CMR,Net migration,SM.POP.NETM,-24000
Cameroon,CMR,Population growth (annual %),SP.POP.GROW,2.58805882261683
Cameroon,CMR,Population density (people per sq. km of land area),EN.POP.DNST,50.8847432886971
Canada,CAN,"International tourism, receipts (current US$)",ST.INT.RCPT.CD,20404000000
Canada,CAN,Net migration,SM.POP.NETM,1100000
Canada,CAN,Population growth (annual %),SP.POP.GROW,1.21548069054233
Canada,CAN,Population density (people per sq. km of land area),EN.POP.DNST,4.03673422033956
Cayman Islands,CYM,"International tourism, receipts (current US$)",ST.INT.RCPT.CD,..
Cayman Islands,CYM,Net migration,SM.POP.NETM,..
Cayman Islands,CYM,Population growth (annual %),SP.POP.GROW,1.29820992014846
Cayman Islands,CYM,Population density (people per sq. km of land area),EN.POP.DNST,256.495833333333
Central African Republic,CAF,"International tourism, receipts (current US$)",ST.INT.RCPT.CD,..
Central African Republic,CAF,Net migration,SM.POP.NETM,-150000
Central African Republic,CAF,Population growth (annual %),SP.POP.GROW,1.39317323056446
Central African Republic,CAF,Population density (people per sq. km of land area),EN.POP.DNST,7.47869915567113
Chad,TCD,"International tourism, receipts (current US$)",ST.INT.RCPT.CD,..
Chad,TCD,Net migration,SM.POP.NETM,10000
Chad,TCD,Population growth (annual %),SP.POP.GROW,3.04904250329055
Chad,TCD,Population density (people per sq. km of land area),EN.POP.DNST,11.8329050190597
Channel Islands,CHI,"International tourism, receipts (current US$)",ST.INT.RCPT.CD,..
Channel Islands,CHI,Net migration,SM.POP.NETM,3654
Channel Islands,CHI,Population growth (annual %),SP.POP.GROW,0.4686916463612
Channel Islands,CHI,Population density (people per sq. km of land area),EN.POP.DNST,834.919224090548
Chile,CHL,"International tourism, receipts (current US$)",ST.INT.RCPT.CD,4604000000
Chile,CHL,Net migration,SM.POP.NETM,85285
Chile,CHL,Population growth (annual %),SP.POP.GROW,0.806199812779572
Chile,CHL,Population density (people per sq. km of land area),EN.POP.DNST,24.2823782179862
China,CHN,"International tourism, receipts (current US$)",ST.INT.RCPT.CD,32617000000
China,CHN,Net migration,SM.POP.NETM,-1624595
China,CHN,Population growth (annual %),SP.POP.GROW,0.559121331017265
China,CHN,Population density (people per sq. km of land area),EN.POP.DNST,147.674050750889
Colombia,COL,"International tourism, receipts (current US$)",ST.INT.RCPT.CD,5801000000
Colombia,COL,Net migration,SM.POP.NETM,-147004
Colombia,COL,Population growth (annual %),SP.POP.GROW,0.843640031809536
Colombia,COL,Population density (people per sq. km of land area),EN.POP.DNST,44.2231771068049
Comoros,COM,"International tourism, receipts (current US$)",ST.INT.RCPT.CD,..
Comoros,COM,Net migration,SM.POP.NETM,-10000
Comoros,COM,Population growth (annual %),SP.POP.GROW,2.27544481582807
Comoros,COM,Population density (people per sq. km of land area),EN.POP.DNST,437.351946967305
"Congo, Dem. Rep.",COD,"International tourism, receipts (current US$)",ST.INT.RCPT.CD,6000000
"Congo, Dem. Rep.",COD,Net migration,SM.POP.NETM,119303
"Congo, Dem. Rep.",COD,Population growth (annual %),SP.POP.GROW,3.25353256258409
"Congo, Dem. Rep.",COD,Population density (people per sq. km of land area),EN.POP.DNST,35.8792210140932
"Congo, Rep.",COG,"International tourism, receipts (current US$)",ST.INT.RCPT.CD,..
"Congo, Rep.",COG,Net migration,SM.POP.NETM,-20003
"Congo, Rep.",COG,Population growth (annual %),SP.POP.GROW,2.59828948200411
"Congo, Rep.",COG,Population density (people per sq. km of land area),EN.POP.DNST,15.404831625183
Costa Rica,CRI,"International tourism, receipts (current US$)",ST.INT.RCPT.CD,3827000000
Costa Rica,CRI,Net migration,SM.POP.NETM,16384
Costa Rica,CRI,Population growth (annual %),SP.POP.GROW,0.993448432960628
Costa Rica,CRI,Population density (people per sq. km of land area),EN.POP.DNST,96.0785154719937
Cote d'Ivoire,CIV,"International tourism, receipts (current US$)",ST.INT.RCPT.CD,..
Cote d'Ivoire,CIV,Net migration,SM.POP.NETM,30000
Cote d'Ivoire,CIV,Population growth (annual %),SP.POP.GROW,2.49574384006031
Cote d'Ivoire,CIV,Population density (people per sq. km of land area),EN.POP.DNST,76.3985849056604
Croatia,HRV,"International tourism, receipts (current US$)",ST.INT.RCPT.CD,11128000000
Croatia,HRV,Net migration,SM.POP.NETM,-40000
Croatia,HRV,Population growth (annual %),SP.POP.GROW,-1.17227156416102
Croatia,HRV,Population density (people per sq. km of land area),EN.POP.DNST,73.7258756254467
Cuba,CUB,"International tourism, receipts (current US$)",ST.INT.RCPT.CD,3302000000
Cuba,CUB,Net migration,SM.POP.NETM,-109998
Cuba,CUB,Population growth (annual %),SP.POP.GROW,0.0753812498408372
Cuba,CUB,Population density (people per sq. km of land area),EN.POP.DNST,110.407960007691
Curacao,CUW,"International tourism, receipts (current US$)",ST.INT.RCPT.CD,572000000
Curacao,CUW,Net migration,SM.POP.NETM,2573
Curacao,CUW,Population growth (annual %),SP.POP.GROW,0.842597375598035
Curacao,CUW,Population density (people per sq. km of land area),EN.POP.DNST,362.644144144144
Cyprus,CYP,"International tourism, receipts (current US$)",ST.INT.RCPT.CD,3128000000
Cyprus,CYP,Net migration,SM.POP.NETM,25001
Cyprus,CYP,Population growth (annual %),SP.POP.GROW,0.802327688150641
Cyprus,CYP,Population density (people per sq. km of land area),EN.POP.DNST,127.657034632035
Czech Republic,CZE,"International tourism, receipts (current US$)",ST.INT.RCPT.CD,7693000000
Czech Republic,CZE,Net migration,SM.POP.NETM,59997
Czech Republic,CZE,Population growth (annual %),SP.POP.GROW,0.236236119951628
Czech Republic,CZE,Population density (people per sq. km of land area),EN.POP.DNST,137.15777000777
Denmark,DNK,"International tourism, receipts (current US$)",ST.INT.RCPT.CD,7969000000
Denmark,DNK,Net migration,SM.POP.NETM,75998
Denmark,DNK,Population growth (annual %),SP.POP.GROW,0.723509852657168
Denmark,DNK,Population density (people per sq. km of land area),EN.POP.DNST,137.404215289355
Djibouti,DJI,"International tourism, receipts (current US$)",ST.INT.RCPT.CD,35100000
Djibouti,DJI,Net migration,SM.POP.NETM,4501
Djibouti,DJI,Population growth (annual %),SP.POP.GROW,1.54290020553782
Djibouti,DJI,Population density (people per sq. km of land area),EN.POP.DNST,41.28494391717
Dominica,DMA,"International tourism, receipts (current US$)",ST.INT.RCPT.CD,182000000
Dominica,DMA,Net migration,SM.POP.NETM,..
Dominica,DMA,Population growth (annual %),SP.POP.GROW,0.518079657182656
Dominica,DMA,Population density (people per sq. km of land area),EN.POP.DNST,98.5666666666667
Dominican Republic,DOM,"International tourism, receipts (current US$)",ST.INT.RCPT.CD,7178000000
Dominican Republic,DOM,Net migration,SM.POP.NETM,-151333
Dominican Republic,DOM,Population growth (annual %),SP.POP.GROW,1.1039350496137
Dominican Republic,DOM,Population density (people per sq. km of land area),EN.POP.DNST,222.873069757814
Ecuador,ECU,"International tourism, receipts (current US$)",ST.INT.RCPT.CD,1663000000
Ecuador,ECU,Net migration,SM.POP.NETM,-30776
Ecuador,ECU,Population growth (annual %),SP.POP.GROW,1.452861287257
Ecuador,ECU,Population density (people per sq. km of land area),EN.POP.DNST,66.9385488806571
"Egypt, Arab Rep.",EGY,"International tourism, receipts (current US$)",ST.INT.RCPT.CD,8636000000
"Egypt, Arab Rep.",EGY,Net migration,SM.POP.NETM,-275000
"Egypt, Arab Rep.",EGY,Population growth (annual %),SP.POP.GROW,1.92973523296491
"Egypt, Arab Rep.",EGY,Population density (people per sq. km of land area),EN.POP.DNST,97.9990466623135
El Salvador,SLV,"International tourism, receipts (current US$)",ST.INT.RCPT.CD,1227000000
El Salvador,SLV,Net migration,SM.POP.NETM,-202694
El Salvador,SLV,Population growth (annual %),SP.POP.GROW,0.520823416513904
El Salvador,SLV,Population density (people per sq. km of land area),EN.POP.DNST,307.811438223938
Equatorial Guinea,GNQ,"International tourism, receipts (current US$)",ST.INT.RCPT.CD,..
Equatorial Guinea,GNQ,Net migration,SM.POP.NETM,79999
Equatorial Guinea,GNQ,Population growth (annual %),SP.POP.GROW,3.71241327666878
Equatorial Guinea,GNQ,Population density (people per sq. km of land area),EN.POP.DNST,45.1939037433155
Eritrea,ERI,"International tourism, receipts (current US$)",ST.INT.RCPT.CD,..
Eritrea,ERI,Net migration,SM.POP.NETM,-49999
Eritrea,ERI,Population growth (annual %),SP.POP.GROW,..
Eritrea,ERI,Population density (people per sq. km of land area),EN.POP.DNST,..
Estonia,EST,"International tourism, receipts (current US$)",ST.INT.RCPT.CD,2144000000
Estonia,EST,Net migration,SM.POP.NETM,-4999
Estonia,EST,Population growth (annual %),SP.POP.GROW,-0.0235627663777683
Estonia,EST,Population density (people per sq. km of land area),EN.POP.DNST,30.2617897400506
Eswatini,SWZ,"International tourism, receipts (current US$)",ST.INT.RCPT.CD,13200000
Eswatini,SWZ,Net migration,SM.POP.NETM,-9999
Eswatini,SWZ,Population growth (annual %),SP.POP.GROW,1.78254629816248
Eswatini,SWZ,Population density (people per sq. km of land area),EN.POP.DNST,79.491511627907
Ethiopia,ETH,"International tourism, receipts (current US$)",ST.INT.RCPT.CD,2503000000
Ethiopia,ETH,Net migration,SM.POP.NETM,-60001
Ethiopia,ETH,Population growth (annual %),SP.POP.GROW,2.46369925432305
Ethiopia,ETH,Population density (people per sq. km of land area),EN.POP.DNST,104.957438
Faroe Islands,FRO,"International tourism, receipts (current US$)",ST.INT.RCPT.CD,..
Faroe Islands,FRO,Net migration,SM.POP.NETM,..
Faroe Islands,FRO,Population growth (annual %),SP.POP.GROW,0.351601366211501
Faroe Islands,FRO,Population density (people per sq. km of land area),EN.POP.DNST,35.3080213789178
Fiji,FJI,"International tourism, receipts (current US$)",ST.INT.RCPT.CD,1188000000
Fiji,FJI,Net migration,SM.POP.NETM,-20000
Fiji,FJI,Population growth (annual %),SP.POP.GROW,0.747345050746054
Fiji,FJI,Population density (people per sq. km of land area),EN.POP.DNST,49.5622331691297
Finland,FIN,"International tourism, receipts (current US$)",ST.INT.RCPT.CD,5204000000
Finland,FIN,Net migration,SM.POP.NETM,70000
Finland,FIN,Population growth (annual %),SP.POP.GROW,0.290734696421765
Finland,FIN,Population density (people per sq. km of land area),EN.POP.DNST,18.134654996545
France,FRA,"International tourism, receipts (current US$)",ST.INT.RCPT.CD,69894000000
France,FRA,Net migration,SM.POP.NETM,400002
France,FRA,Population growth (annual %),SP.POP.GROW,0.38645078799135
France,FRA,Population density (people per sq. km of land area),EN.POP.DNST,122.578378064098
French Polynesia,PYF,"International tourism, receipts (current US$)",ST.INT.RCPT.CD,..
French Polynesia,PYF,Net migration,SM.POP.NETM,-500
French Polynesia,PYF,Population growth (annual %),SP.POP.GROW,0.993944778935653
French Polynesia,PYF,Population density (people per sq. km of land area),EN.POP.DNST,77.3243169398907
Gabon,GAB,"International tourism, receipts (current US$)",ST.INT.RCPT.CD,..
Gabon,GAB,Net migration,SM.POP.NETM,5000
Gabon,GAB,Population growth (annual %),SP.POP.GROW,2.26485945338282
Gabon,GAB,Population density (people per sq. km of land area),EN.POP.DNST,7.85942096479994
"Gambia, The",GMB,"International tourism, receipts (current US$)",ST.INT.RCPT.CD,116000000
"Gambia, The",GMB,Net migration,SM.POP.NETM,-13000
"Gambia, The",GMB,Population growth (annual %),SP.POP.GROW,2.99930505139305
"Gambia, The",GMB,Population density (people per sq. km of land area),EN.POP.DNST,207.566007905138
Georgia,GEO,"International tourism, receipts (current US$)",ST.INT.RCPT.CD,2971000000
Georgia,GEO,Net migration,SM.POP.NETM,-50000
Georgia,GEO,Population growth (annual %),SP.POP.GROW,-0.0591684165505705
Georgia,GEO,Population density (people per sq. km of land area),EN.POP.DNST,65.0320165156234
Germany,DEU,"International tourism, receipts (current US$)",ST.INT.RCPT.CD,56173000000
Germany,DEU,Net migration,SM.POP.NETM,1850000
Germany,DEU,Population growth (annual %),SP.POP.GROW,0.419684693682261
Germany,DEU,Population density (people per sq. km of land area),EN.POP.DNST,236.704259216854
Ghana,GHA,"International tourism, receipts (current US$)",ST.INT.RCPT.CD,919000000
Ghana,GHA,Net migration,SM.POP.NETM,-100000
Ghana,GHA,Population growth (annual %),SP.POP.GROW,2.19818485041117
Ghana,GHA,Population density (people per sq. km of land area),EN.POP.DNST,126.718946119364
Gibraltar,GIB,"International tourism, receipts (current US$)",ST.INT.RCPT.CD,..
Gibraltar,GIB,Net migration,SM.POP.NETM,..
Gibraltar,GIB,Population growth (annual %),SP.POP.GROW,0.472608484888327
Gibraltar,GIB,Population density (people per sq. km of land area),EN.POP.DNST,3457.1
Greece,GRC,"International tourism, receipts (current US$)",ST.INT.RCPT.CD,18820000000
Greece,GRC,Net migration,SM.POP.NETM,49996
Greece,GRC,Population growth (annual %),SP.POP.GROW,-0.144406757661553
Greece,GRC,Population density (people per sq. km of land area),EN.POP.DNST,83.478828549263
Greenland,GRL,"International tourism, receipts (current US$)",ST.INT.RCPT.CD,..
Greenland,GRL,Net migration,SM.POP.NETM,..
Greenland,GRL,Population growth (annual %),SP.POP.GROW,-0.0267006062623867
Greenland,GRL,Population density (people per sq. km of land area),EN.POP.DNST,0.136852235351444
Grenada,GRD,"International tourism, receipts (current US$)",ST.INT.RCPT.CD,499000000
Grenada,GRD,Net migration,SM.POP.NETM,-3497
Grenada,GRD,Population growth (annual %),SP.POP.GROW,0.47224711502764
Grenada,GRD,Population density (people per sq. km of land area),EN.POP.DNST,317.132352941176
Guam,GUM,"International tourism, receipts (current US$)",ST.INT.RCPT.CD,..
Guam,GUM,Net migration,SM.POP.NETM,-2532
Guam,GUM,Population growth (annual %),SP.POP.GROW,0.814983494459748
Guam,GUM,Population density (people per sq. km of land area),EN.POP.DNST,304.127777777778
Guatemala,GTM,"International tourism, receipts (current US$)",ST.INT.RCPT.CD,1566000000
Guatemala,GTM,Net migration,SM.POP.NETM,-46073
Guatemala,GTM,Population growth (annual %),SP.POP.GROW,1.97662440108666
Guatemala,GTM,Population density (people per sq. km of land area),EN.POP.DNST,157.834107876073
Guinea,GIN,"International tourism, receipts (current US$)",ST.INT.RCPT.CD,16600000
Guinea,GIN,Net migration,SM.POP.NETM,-50000
Guinea,GIN,Population growth (annual %),SP.POP.GROW,2.5585811788215
Guinea,GIN,Population density (people per sq. km of land area),EN.POP.DNST,51.7547452384828
Guinea-Bissau,GNB,"International tourism, receipts (current US$)",ST.INT.RCPT.CD,..
Guinea-Bissau,GNB,Net migration,SM.POP.NETM,-9995
Guinea-Bissau,GNB,Population growth (annual %),SP.POP.GROW,2.47960680887292
Guinea-Bissau,GNB,Population density (people per sq. km of land area),EN.POP.DNST,66.1907183499289
Guyana,GUY,"International tourism, receipts (current US$)",ST.INT.RCPT.CD,..
Guyana,GUY,Net migration,SM.POP.NETM,-24552
Guyana,GUY,Population growth (annual %),SP.POP.GROW,0.587432273534753
Guyana,GUY,Population density (people per sq. km of land area),EN.POP.DNST,3.95153162306325
Haiti,HTI,"International tourism, receipts (current US$)",ST.INT.RCPT.CD,460000000
Haiti,HTI,Net migration,SM.POP.NETM,-175000
Haiti,HTI,Population growth (annual %),SP.POP.GROW,1.22680250927908
Haiti,HTI,Population density (people per sq. km of land area),EN.POP.DNST,398.448076923077
Honduras,HND,"International tourism, receipts (current US$)",ST.INT.RCPT.CD,722000000
Honduras,HND,Net migration,SM.POP.NETM,-14001
Honduras,HND,Population growth (annual %),SP.POP.GROW,1.65637203554262
Honduras,HND,Population density (people per sq. km of land area),EN.POP.DNST,82.8051389757798
"Hong Kong SAR, China",HKG,"International tourism, receipts (current US$)",ST.INT.RCPT.CD,38039000000
"Hong Kong SAR, China",HKG,Net migration,SM.POP.NETM,146542
"Hong Kong SAR, China",HKG,Population growth (annual %),SP.POP.GROW,0.748222904999017
"Hong Kong SAR, China",HKG,Population density (people per sq. km of land area),EN.POP.DNST,7039.71428571429
Hungary,HUN,"International tourism, receipts (current US$)",ST.INT.RCPT.CD,8453000000
Hungary,HUN,Net migration,SM.POP.NETM,29999
Hungary,HUN,Population growth (annual %),SP.POP.GROW,-0.33575686742665
Hungary,HUN,Population density (people per sq. km of land area),EN.POP.DNST,108.042936043301
Iceland,ISL,"International tourism, receipts (current US$)",ST.INT.RCPT.CD,3024000000
Iceland,ISL,Net migration,SM.POP.NETM,1900
Iceland,ISL,Population growth (annual %),SP.POP.GROW,1.72748535367068
Iceland,ISL,Population density (people per sq. km of land area),EN.POP.DNST,3.40432917705736
India,IND,"International tourism, receipts (current US$)",ST.INT.RCPT.CD,27878000000
India,IND,Net migration,SM.POP.NETM,-2449998
India,IND,Population growth (annual %),SP.POP.GROW,1.12707105958419
India,IND,Population density (people per sq. km of land area),EN.POP.DNST,450.418616704617
Indonesia,IDN,"International tourism, receipts (current US$)",ST.INT.RCPT.CD,14117000000
Indonesia,IDN,Net migration,SM.POP.NETM,-825000
Indonesia,IDN,Population growth (annual %),SP.POP.GROW,1.09537776465479
Indonesia,IDN,Population density (people per sq. km of land area),EN.POP.DNST,145.725188096513
"Iran, Islamic Rep.",IRN,"International tourism, receipts (current US$)",ST.INT.RCPT.CD,..
"Iran, Islamic Rep.",IRN,Net migration,SM.POP.NETM,-274998
"Iran, Islamic Rep.",IRN,Population growth (annual %),SP.POP.GROW,1.09683807176374
"Iran, Islamic Rep.",IRN,Population density (people per sq. km of land area),EN.POP.DNST,49.831029740416
Iraq,IRQ,"International tourism, receipts (current US$)",ST.INT.RCPT.CD,..
Iraq,IRQ,Net migration,SM.POP.NETM,39171
Iraq,IRQ,Population growth (annual %),SP.POP.GROW,2.84090624149766
Iraq,IRQ,Population density (people per sq. km of land area),EN.POP.DNST,88.1643600763276
Ireland,IRL,"International tourism, receipts (current US$)",ST.INT.RCPT.CD,14283000000
Ireland,IRL,Net migration,SM.POP.NETM,23497
Ireland,IRL,Population growth (annual %),SP.POP.GROW,1.21797612090674
Ireland,IRL,Population density (people per sq. km of land area),EN.POP.DNST,69.8738278414864
Isle of Man,IMN,"International tourism, receipts (current US$)",ST.INT.RCPT.CD,..
Isle of Man,IMN,Net migration,SM.POP.NETM,..
Isle of Man,IMN,Population growth (annual %),SP.POP.GROW,0.654670718928995
Isle of Man,IMN,Population density (people per sq. km of land area),EN.POP.DNST,147.871929824561
Israel,ISR,"International tourism, receipts (current US$)",ST.INT.RCPT.CD,7572000000
Israel,ISR,Net migration,SM.POP.NETM,50002
Israel,ISR,Population growth (annual %),SP.POP.GROW,1.92839610371026
Israel,ISR,Population density (people per sq. km of land area),EN.POP.DNST,402.606284658041
Italy,ITA,"International tourism, receipts (current US$)",ST.INT.RCPT.CD,44548000000
Italy,ITA,Net migration,SM.POP.NETM,350000
Italy,ITA,Population growth (annual %),SP.POP.GROW,-0.125569717512104
Italy,ITA,Population density (people per sq. km of land area),EN.POP.DNST,205.859169103148
Jamaica,JAM,"International tourism, receipts (current US$)",ST.INT.RCPT.CD,2809000000
Jamaica,JAM,Net migration,SM.POP.NETM,-93000
Jamaica,JAM,Population growth (annual %),SP.POP.GROW,0.309928736523676
Jamaica,JAM,Population density (people per sq. km of land area),EN.POP.DNST,266.878947368421
Japan,JPN,"International tourism, receipts (current US$)",ST.INT.RCPT.CD,36979000000
Japan,JPN,Net migration,SM.POP.NETM,250000
Japan,JPN,Population growth (annual %),SP.POP.GROW,-0.164484036370785
Japan,JPN,Population density (people per sq. km of land area),EN.POP.DNST,347.777586679833
Jordan,JOR,"International tourism, receipts (current US$)",ST.INT.RCPT.CD,5549000000
Jordan,JOR,Net migration,SM.POP.NETM,0
Jordan,JOR,Population growth (annual %),SP.POP.GROW,2.57399120535817
Jordan,JOR,Population density (people per sq. km of land area),EN.POP.DNST,109.285345798603
Kazakhstan,KAZ,"International tourism, receipts (current US$)",ST.INT.RCPT.CD,1990000000
Kazakhstan,KAZ,Net migration,SM.POP.NETM,0
Kazakhstan,KAZ,Population growth (annual %),SP.POP.GROW,1.35966055679997
Kazakhstan,KAZ,Population density (people per sq. km of land area),EN.POP.DNST,6.6813520020743
Kenya,KEN,"International tourism, receipts (current US$)",ST.INT.RCPT.CD,1564000000
Kenya,KEN,Net migration,SM.POP.NETM,-50000
Kenya,KEN,Population growth (annual %),SP.POP.GROW,2.52311056260112
Kenya,KEN,Population density (people per sq. km of land area),EN.POP.DNST,87.3244930948449
Kiribati,KIR,"International tourism, receipts (current US$)",ST.INT.RCPT.CD,..
Kiribati,KIR,Net migration,SM.POP.NETM,-2126
Kiribati,KIR,Population growth (annual %),SP.POP.GROW,1.73579813222954
Kiribati,KIR,Population density (people per sq. km of land area),EN.POP.DNST,143.701234567901
"Korea, Dem. People’s Rep.",PRK,"International tourism, receipts (current US$)",ST.INT.RCPT.CD,..
"Korea, Dem. People’s Rep.",PRK,Net migration,SM.POP.NETM,-10156
"Korea, Dem. People’s Rep.",PRK,Population growth (annual %),SP.POP.GROW,0.481109847789118
"Korea, Dem. People’s Rep.",PRK,Population density (people per sq. km of land area),EN.POP.DNST,211.701395232954
"Korea, Rep.",KOR,"International tourism, receipts (current US$)",ST.INT.RCPT.CD,16999000000
"Korea, Rep.",KOR,Net migration,SM.POP.NETM,200000
"Korea, Rep.",KOR,Population growth (annual %),SP.POP.GROW,0.429345229786812
"Korea, Rep.",KOR,Population density (people per sq. km of land area),EN.POP.DNST,527.918010624996
Kosovo,XKX,"International tourism, receipts (current US$)",ST.INT.RCPT.CD,..
Kosovo,XKX,Net migration,SM.POP.NETM,..
Kosovo,XKX,Population growth (annual %),SP.POP.GROW,0.795200110124095
Kosovo,XKX,Population density (people per sq. km of land area),EN.POP.DNST,168.154679893451
Kuwait,KWT,"International tourism, receipts (current US$)",ST.INT.RCPT.CD,643000000
Kuwait,KWT,Net migration,SM.POP.NETM,100000
Kuwait,KWT,Population growth (annual %),SP.POP.GROW,2.05020862742205
Kuwait,KWT,Population density (people per sq. km of land area),EN.POP.DNST,232.128395061728
Kyrgyz Republic,KGZ,"International tourism, receipts (current US$)",ST.INT.RCPT.CD,480000000
Kyrgyz Republic,KGZ,Net migration,SM.POP.NETM,-100001
Kyrgyz Republic,KGZ,Population growth (annual %),SP.POP.GROW,1.98687425189114
Kyrgyz Republic,KGZ,Population density (people per sq. km of land area),EN.POP.DNST,32.3331595411887
Lao PDR,LAO,"International tourism, receipts (current US$)",ST.INT.RCPT.CD,768000000
Lao PDR,LAO,Net migration,SM.POP.NETM,-73518
Lao PDR,LAO,Population growth (annual %),SP.POP.GROW,1.46599628688074
Lao PDR,LAO,Population density (people per sq. km of land area),EN.POP.DNST,29.7147313691508
Latvia,LVA,"International tourism, receipts (current US$)",ST.INT.RCPT.CD,1082000000
Latvia,LVA,Net migration,SM.POP.NETM,-50000
Latvia,LVA,Population growth (annual %),SP.POP.GROW,-0.963887720402519
Latvia,LVA,Population density (people per sq. km of land area),EN.POP.DNST,31.2116436153104
Lebanon,LBN,"International tourism, receipts (current US$)",ST.INT.RCPT.CD,8087000000
Lebanon,LBN,Net migration,SM.POP.NETM,-150000
Lebanon,LBN,Population growth (annual %),SP.POP.GROW,1.25220998416619
Lebanon,LBN,Population density (people per sq. km of land area),EN.POP.DNST,594.560801564027
Lesotho,LSO,"International tourism, receipts (current US$)",ST.INT.RCPT.CD,23000000
Lesotho,LSO,Net migration,SM.POP.NETM,-19998
Lesotho,LSO,Population growth (annual %),SP.POP.GROW,1.33051030175139
Lesotho,LSO,Population density (people per sq. km of land area),EN.POP.DNST,73.5618906455863
Liberia,LBR,"International tourism, receipts (current US$)",ST.INT.RCPT.CD,..
Liberia,LBR,Net migration,SM.POP.NETM,-25000
Liberia,LBR,Population growth (annual %),SP.POP.GROW,2.52712836609116
Liberia,LBR,Population density (people per sq. km of land area),EN.POP.DNST,49.1269310631229
Libya,LBY,"International tourism, receipts (current US$)",ST.INT.RCPT.CD,..
Libya,LBY,Net migration,SM.POP.NETM,-9997
Libya,LBY,Population growth (annual %),SP.POP.GROW,1.28457467988888
Libya,LBY,Population density (people per sq. km of land area),EN.POP.DNST,3.62288780022051
Liechtenstein,LIE,"International tourism, receipts (current US$)",ST.INT.RCPT.CD,..
Liechtenstein,LIE,Net migration,SM.POP.NETM,..
Liechtenstein,LIE,Population growth (annual %),SP.POP.GROW,0.677358783945653
Liechtenstein,LIE,Population density (people per sq. km of land area),EN.POP.DNST,237.0125
Lithuania,LTU,"International tourism, receipts (current US$)",ST.INT.RCPT.CD,1587000000
Lithuania,LTU,Net migration,SM.POP.NETM,-25000
Lithuania,LTU,Population growth (annual %),SP.POP.GROW,-1.42243765536668
Lithuania,LTU,Population density (people per sq. km of land area),EN.POP.DNST,45.1409742957446
Luxembourg,LUX,"International tourism, receipts (current US$)",ST.INT.RCPT.CD,4980000000
Luxembourg,LUX,Net migration,SM.POP.NETM,25001
Luxembourg,LUX,Population growth (annual %),SP.POP.GROW,2.95163975314857
Luxembourg,LUX,Population density (people per sq. km of land area),EN.POP.DNST,246.68683127572
"Macao SAR, China",MAC,"International tourism, receipts (current US$)",ST.INT.RCPT.CD,35726000000
"Macao SAR, China",MAC,Net migration,SM.POP.NETM,25000
"Macao SAR, China",MAC,Population growth (annual %),SP.POP.GROW,1.68461319637167
"Macao SAR, China",MAC,Population density (people per sq. km of land area),EN.POP.DNST,20479.1778885587
Madagascar,MDG,"International tourism, receipts (current US$)",ST.INT.RCPT.CD,849000000
Madagascar,MDG,Net migration,SM.POP.NETM,-7500
Madagascar,MDG,Population growth (annual %),SP.POP.GROW,2.68058464646082
Madagascar,MDG,Population density (people per sq. km of land area),EN.POP.DNST,43.9513492609144
Malawi,MWI,"International tourism, receipts (current US$)",ST.INT.RCPT.CD,35000000
Malawi,MWI,Net migration,SM.POP.NETM,-60000
Malawi,MWI,Population growth (annual %),SP.POP.GROW,2.89029019490127
Malawi,MWI,Population density (people per sq. km of land area),EN.POP.DNST,197.519134493
Malaysia,MYS,"International tourism, receipts (current US$)",ST.INT.RCPT.CD,18352000000
Malaysia,MYS,Net migration,SM.POP.NETM,250000
Malaysia,MYS,Population growth (annual %),SP.POP.GROW,1.39148356363892
Malaysia,MYS,Population density (people per sq. km of land area),EN.POP.DNST,96.2540374372242
Maldives,MDV,"International tourism, receipts (current US$)",ST.INT.RCPT.CD,2886000000
Maldives,MDV,Net migration,SM.POP.NETM,9758
Maldives,MDV,Population growth (annual %),SP.POP.GROW,1.9845898234416
Maldives,MDV,Population density (people per sq. km of land area),EN.POP.DNST,1454.43333333333
Mali,MLI,"International tourism, receipts (current US$)",ST.INT.RCPT.CD,..
Mali,MLI,Net migration,SM.POP.NETM,-200000
Mali,MLI,Population growth (annual %),SP.POP.GROW,2.99524671336318
Mali,MLI,Population density (people per sq. km of land area),EN.POP.DNST,15.1959776756079
Malta,MLT,"International tourism, receipts (current US$)",ST.INT.RCPT.CD,1746000000
Malta,MLT,Net migration,SM.POP.NETM,4501
Malta,MLT,Population growth (annual %),SP.POP.GROW,2.15856348898182
Malta,MLT,Population density (people per sq. km of land area),EN.POP.DNST,1454.0375
Marshall Islands,MHL,"International tourism, receipts (current US$)",ST.INT.RCPT.CD,..
Marshall Islands,MHL,Net migration,SM.POP.NETM,..
Marshall Islands,MHL,Population growth (annual %),SP.POP.GROW,0.114885174558194
Marshall Islands,MHL,Population density (people per sq. km of land area),EN.POP.DNST,295.15
Mauritania,MRT,"International tourism, receipts (current US$)",ST.INT.RCPT.CD,24000000
Mauritania,MRT,Net migration,SM.POP.NETM,25502
Mauritania,MRT,Population growth (annual %),SP.POP.GROW,2.7329585316341
Mauritania,MRT,Population density (people per sq. km of land area),EN.POP.DNST,4.28852624429999
Mauritius,MUS,"International tourism, receipts (current US$)",ST.INT.RCPT.CD,2005000000
Mauritius,MUS,Net migration,SM.POP.NETM,0
Mauritius,MUS,Population growth (annual %),SP.POP.GROW,0.0901868114668421
Mauritius,MUS,Population density (people per sq. km of land area),EN.POP.DNST,622.962068965517
Mexico,MEX,"International tourism, receipts (current US$)",ST.INT.RCPT.CD,22467000000
Mexico,MEX,Net migration,SM.POP.NETM,-300000
Mexico,MEX,Population growth (annual %),SP.POP.GROW,1.26439519699852
Mexico,MEX,Population density (people per sq. km of land area),EN.POP.DNST,66.4437233467939
"Micronesia, Fed. Sts.",FSM,"International tourism, receipts (current US$)",ST.INT.RCPT.CD,..
"Micronesia, Fed. Sts.",FSM,Net migration,SM.POP.NETM,-6000
"Micronesia, Fed. Sts.",FSM,Population growth (annual %),SP.POP.GROW,0.57677574959845
"Micronesia, Fed. Sts.",FSM,Population density (people per sq. km of land area),EN.POP.DNST,150.777142857143
Moldova,MDA,"International tourism, receipts (current US$)",ST.INT.RCPT.CD,439000000
Moldova,MDA,Net migration,SM.POP.NETM,-14318
Moldova,MDA,Population growth (annual %),SP.POP.GROW,-0.0620696123285471
Moldova,MDA,Population density (people per sq. km of land area),EN.POP.DNST,123.654509353119
Monaco,MCO,"International tourism, receipts (current US$)",ST.INT.RCPT.CD,..
Monaco,MCO,Net migration,SM.POP.NETM,..
Monaco,MCO,Population growth (annual %),SP.POP.GROW,0.507812579198862
Monaco,MCO,Population density (people per sq. km of land area),EN.POP.DNST,19347.5
Mongolia,MNG,"International tourism, receipts (current US$)",ST.INT.RCPT.CD,462000000
Mongolia,MNG,Net migration,SM.POP.NETM,-15001
Mongolia,MNG,Population growth (annual %),SP.POP.GROW,1.58117809169789
Mongolia,MNG,Population density (people per sq. km of land area),EN.POP.DNST,1.97974136821236
Montenegro,MNE,"International tourism, receipts (current US$)",ST.INT.RCPT.CD,1109000000
Montenegro,MNE,Net migration,SM.POP.NETM,-2400
Montenegro,MNE,Population growth (annual %),SP.POP.GROW,0.026992851878347
Montenegro,MNE,Population density (people per sq. km of land area),EN.POP.DNST,46.2803717472119
Morocco,MAR,"International tourism, receipts (current US$)",ST.INT.RCPT.CD,9086000000
Morocco,MAR,Net migration,SM.POP.NETM,-257096
Morocco,MAR,Population growth (annual %),SP.POP.GROW,1.30336309078287
Morocco,MAR,Population density (people per sq. km of land area),EN.POP.DNST,80.0797221599821
Mozambique,MOZ,"International tourism, receipts (current US$)",ST.INT.RCPT.CD,164000000
Mozambique,MOZ,Net migration,SM.POP.NETM,-25000
Mozambique,MOZ,Population growth (annual %),SP.POP.GROW,2.86987986018184
Mozambique,MOZ,Population density (people per sq. km of land area),EN.POP.DNST,37.7283679645973
Myanmar,MMR,"International tourism, receipts (current US$)",ST.INT.RCPT.CD,2279000000
Myanmar,MMR,Net migration,SM.POP.NETM,-99998
Myanmar,MMR,Population growth (annual %),SP.POP.GROW,0.91362397180206
Myanmar,MMR,Population density (people per sq. km of land area),EN.POP.DNST,81.7213955411282
Namibia,NAM,"International tourism, receipts (current US$)",ST.INT.RCPT.CD,393000000
Namibia,NAM,Net migration,SM.POP.NETM,-2236
Namibia,NAM,Population growth (annual %),SP.POP.GROW,2.15749565244757
Namibia,NAM,Population density (people per sq. km of land area),EN.POP.DNST,3.0776445723864
Nauru,NRU,"International tourism, receipts (current US$)",ST.INT.RCPT.CD,..
Nauru,NRU,Net migration,SM.POP.NETM,..
Nauru,NRU,Population growth (annual %),SP.POP.GROW,4.49547563939486
Nauru,NRU,Population density (people per sq. km of land area),EN.POP.DNST,682.45
Nepal,NPL,"International tourism, receipts (current US$)",ST.INT.RCPT.CD,712000000
Nepal,NPL,Net migration,SM.POP.NETM,-350000
Nepal,NPL,Population growth (annual %),SP.POP.GROW,1.10565316918355
Nepal,NPL,Population density (people per sq. km of land area),EN.POP.DNST,204.429703522846
Netherlands,NLD,"International tourism, receipts (current US$)",ST.INT.RCPT.CD,20352000000
Netherlands,NLD,Net migration,SM.POP.NETM,80000
Netherlands,NLD,Population growth (annual %),SP.POP.GROW,0.600297419284211
Netherlands,NLD,Population density (people per sq. km of land area),EN.POP.DNST,508.544197091125
New Caledonia,NCL,"International tourism, receipts (current US$)",ST.INT.RCPT.CD,..
New Caledonia,NCL,Net migration,SM.POP.NETM,5664
New Caledonia,NCL,Population growth (annual %),SP.POP.GROW,1.40394758578176
New Caledonia,NCL,Population density (people per sq. km of land area),EN.POP.DNST,15.3424507658643
New Zealand,NZL,"International tourism, receipts (current US$)",ST.INT.RCPT.CD,10583000000
New Zealand,NZL,Net migration,SM.POP.NETM,74403
New Zealand,NZL,Population growth (annual %),SP.POP.GROW,2.12296238197075
New Zealand,NZL,Population density (people per sq. km of land area),EN.POP.DNST,18.2062967604724
Nicaragua,NIC,"International tourism, receipts (current US$)",ST.INT.RCPT.CD,841000000
Nicaragua,NIC,Net migration,SM.POP.NETM,-106342
Nicaragua,NIC,Population growth (annual %),SP.POP.GROW,1.09405499220103
Nicaragua,NIC,Population density (people per sq. km of land area),EN.POP.DNST,51.6667857736414
Niger,NER,"International tourism, receipts (current US$)",ST.INT.RCPT.CD,..
Niger,NER,Net migration,SM.POP.NETM,-28497
Niger,NER,Population growth (annual %),SP.POP.GROW,3.8170926127811
Niger,NER,Population density (people per sq. km of land area),EN.POP.DNST,16.9553548590827
Nigeria,NGA,"International tourism, receipts (current US$)",ST.INT.RCPT.CD,2611000000
Nigeria,NGA,Net migration,SM.POP.NETM,-300000
Nigeria,NGA,Population growth (annual %),SP.POP.GROW,2.59870472229877
Nigeria,NGA,Population density (people per sq. km of land area),EN.POP.DNST,209.587833371762
North Macedonia,MKD,"International tourism, receipts (current US$)",ST.INT.RCPT.CD,331000000
North Macedonia,MKD,Net migration,SM.POP.NETM,-4999
North Macedonia,MKD,Population growth (annual %),SP.POP.GROW,0.0938438236889566
North Macedonia,MKD,Population density (people per sq. km of land area),EN.POP.DNST,82.5995241871531
Northern Mariana Islands,MNP,"International tourism, receipts (current US$)",ST.INT.RCPT.CD,..
Northern Mariana Islands,MNP,Net migration,SM.POP.NETM,..
Northern Mariana Islands,MNP,Population growth (annual %),SP.POP.GROW,0.219666594634541
Northern Mariana Islands,MNP,Population density (people per sq. km of land area),EN.POP.DNST,119.878260869565
Norway,NOR,"International tourism, receipts (current US$)",ST.INT.RCPT.CD,6515000000
Norway,NOR,Net migration,SM.POP.NETM,140000
Norway,NOR,Population growth (annual %),SP.POP.GROW,0.907207330549304
Norway,NOR,Population density (people per sq. km of land area),EN.POP.DNST,14.4669683558056
Oman,OMN,"International tourism, receipts (current US$)",ST.INT.RCPT.CD,2791000000
Oman,OMN,Net migration,SM.POP.NETM,605000
Oman,OMN,Population growth (annual %),SP.POP.GROW,4.669194641437
Oman,OMN,Population density (people per sq. km of land area),EN.POP.DNST,14.979844911147
Pakistan,PAK,"International tourism, receipts (current US$)",ST.INT.RCPT.CD,875000000
Pakistan,PAK,Net migration,SM.POP.NETM,-1071778
Pakistan,PAK,Population growth (annual %),SP.POP.GROW,1.95408019712084
Pakistan,PAK,Population density (people per sq. km of land area),EN.POP.DNST,255.572793430884
Palau,PLW,"International tourism, receipts (current US$)",ST.INT.RCPT.CD,..
Palau,PLW,Net migration,SM.POP.NETM,..
Palau,PLW,Population growth (annual %),SP.POP.GROW,1.04553135980469
Palau,PLW,Population density (people per sq. km of land area),EN.POP.DNST,47.2369565217391
Panama,PAN,"International tourism, receipts (current US$)",ST.INT.RCPT.CD,6865000000
Panama,PAN,Net migration,SM.POP.NETM,31448
Panama,PAN,Population growth (annual %),SP.POP.GROW,1.58543418106785
Panama,PAN,Population density (people per sq. km of land area),EN.POP.DNST,55.1329970406242
Papua New Guinea,PNG,"International tourism, receipts (current US$)",ST.INT.RCPT.CD,15300000
Papua New Guinea,PNG,Net migration,SM.POP.NETM,-1001
Papua New Guinea,PNG,Population growth (annual %),SP.POP.GROW,2.03446590573128
Papua New Guinea,PNG,Population density (people per sq. km of land area),EN.POP.DNST,18.2201165923243
Paraguay,PRY,"International tourism, receipts (current US$)",ST.INT.RCPT.CD,399000000
Paraguay,PRY,Net migration,SM.POP.NETM,-82365
Paraguay,PRY,Population growth (annual %),SP.POP.GROW,1.27048335443972
Paraguay,PRY,Population density (people per sq. km of land area),EN.POP.DNST,17.1439642587465
Peru,PER,"International tourism, receipts (current US$)",ST.INT.RCPT.CD,4573000000
Peru,PER,Net migration,SM.POP.NETM,-179540
Peru,PER,Population growth (annual %),SP.POP.GROW,1.2250705001708
Peru,PER,Population density (people per sq. km of land area),EN.POP.DNST,25.12928515625
Philippines,PHL,"International tourism, receipts (current US$)",ST.INT.RCPT.CD,8349000000
Philippines,PHL,Net migration,SM.POP.NETM,-650000
Philippines,PHL,Population growth (annual %),SP.POP.GROW,1.53468335971281
Philippines,PHL,Population density (people per sq. km of land area),EN.POP.DNST,351.873394372338
Poland,POL,"International tourism, receipts (current US$)",ST.INT.RCPT.CD,14083000000
Poland,POL,Net migration,SM.POP.NETM,-50002
Poland,POL,Population growth (annual %),SP.POP.GROW,0.0151528861718877
Poland,POL,Population density (people per sq. km of land area),EN.POP.DNST,124.027045298671
Portugal,PRT,"International tourism, receipts (current US$)",ST.INT.RCPT.CD,21099000000
Portugal,PRT,Net migration,SM.POP.NETM,-30001
Portugal,PRT,Population growth (annual %),SP.POP.GROW,-0.307810887208188
Portugal,PRT,Population density (people per sq. km of land area),EN.POP.DNST,112.369969552513
Puerto Rico,PRI,"International tourism, receipts (current US$)",ST.INT.RCPT.CD,4090000000
Puerto Rico,PRI,Net migration,SM.POP.NETM,-70002
Puerto Rico,PRI,Population growth (annual %),SP.POP.GROW,-2.05660023263167
Puerto Rico,PRI,Population density (people per sq. km of land area),EN.POP.DNST,376.23190529876
Qatar,QAT,"International tourism, receipts (current US$)",ST.INT.RCPT.CD,15757000000
Qatar,QAT,Net migration,SM.POP.NETM,200000
Qatar,QAT,Population growth (annual %),SP.POP.GROW,2.66503774458275
Qatar,QAT,Population density (people per sq. km of land area),EN.POP.DNST,227.322222222222
Romania,ROU,"International tourism, receipts (current US$)",ST.INT.RCPT.CD,2999000000
Romania,ROU,Net migration,SM.POP.NETM,-150000
Romania,ROU,Population growth (annual %),SP.POP.GROW,-0.589445979577618
Romania,ROU,Population density (people per sq. km of land area),EN.POP.DNST,85.1292550417246
Russian Federation,RUS,"International tourism, receipts (current US$)",ST.INT.RCPT.CD,14983000000
Russian Federation,RUS,Net migration,SM.POP.NETM,799998
Russian Federation,RUS,Population growth (annual %),SP.POP.GROW,0.105698218493872
Russian Federation,RUS,Population density (people per sq. km of land area),EN.POP.DNST,8.82311723790932
Rwanda,RWA,"International tourism, receipts (current US$)",ST.INT.RCPT.CD,616000000
Rwanda,RWA,Net migration,SM.POP.NETM,-44999
Rwanda,RWA,Population growth (annual %),SP.POP.GROW,2.41162334022622
Rwanda,RWA,Population density (people per sq. km of land area),EN.POP.DNST,494.868544791244
Samoa,WSM,"International tourism, receipts (current US$)",ST.INT.RCPT.CD,169000000
Samoa,WSM,Net migration,SM.POP.NETM,-12500
Samoa,WSM,Population growth (annual %),SP.POP.GROW,0.671666233544779
Samoa,WSM,Population density (people per sq. km of land area),EN.POP.DNST,69.4134275618375
San Marino,SMR,"International tourism, receipts (current US$)",ST.INT.RCPT.CD,..
San Marino,SMR,Net migration,SM.POP.NETM,..
San Marino,SMR,Population growth (annual %),SP.POP.GROW,0.591566669677813
San Marino,SMR,Population density (people per sq. km of land area),EN.POP.DNST,556.666666666667
Sao Tome and Principe,STP,"International tourism, receipts (current US$)",ST.INT.RCPT.CD,65900000
Sao Tome and Principe,STP,Net migration,SM.POP.NETM,-4999
Sao Tome and Principe,STP,Population growth (annual %),SP.POP.GROW,2.18543864140561
Sao Tome and Principe,STP,Population density (people per sq. km of land area),EN.POP.DNST,212.840625
Saudi Arabia,SAU,"International tourism, receipts (current US$)",ST.INT.RCPT.CD,14848000000
Saudi Arabia,SAU,Net migration,SM.POP.NETM,590000
Saudi Arabia,SAU,Population growth (annual %),SP.POP.GROW,2.03192507950024
Saudi Arabia,SAU,Population density (people per sq. km of land area),EN.POP.DNST,15.3223083328294
Senegal,SEN,"International tourism, receipts (current US$)",ST.INT.RCPT.CD,..
Senegal,SEN,Net migration,SM.POP.NETM,-99996
Senegal,SEN,Population growth (annual %),SP.POP.GROW,2.80838915230027
Senegal,SEN,Population density (people per sq. km of land area),EN.POP.DNST,82.3277774892225
Serbia,SRB,"International tourism, receipts (current US$)",ST.INT.RCPT.CD,1705000000
Serbia,SRB,Net migration,SM.POP.NETM,-50000
Serbia,SRB,Population growth (annual %),SP.POP.GROW,-0.512110341897349
Serbia,SRB,Population density (people per sq. km of land area),EN.POP.DNST,80.291195975303
Seychelles,SYC,"International tourism, receipts (current US$)",ST.INT.RCPT.CD,585000000
Seychelles,SYC,Net migration,SM.POP.NETM,-1000
Seychelles,SYC,Population growth (annual %),SP.POP.GROW,1.22403375818123
Seychelles,SYC,Population density (people per sq. km of land area),EN.POP.DNST,208.354347826087
Sierra Leone,SLE,"International tourism, receipts (current US$)",ST.INT.RCPT.CD,..
Sierra Leone,SLE,Net migration,SM.POP.NETM,-21000
Sierra Leone,SLE,Population growth (annual %),SP.POP.GROW,2.15373363486272
Sierra Leone,SLE,Population density (people per sq. km of land area),EN.POP.DNST,104.699528955389
Singapore,SGP,"International tourism, receipts (current US$)",ST.INT.RCPT.CD,19707000000
Singapore,SGP,Net migration,SM.POP.NETM,298448
Singapore,SGP,Population growth (annual %),SP.POP.GROW,0.0885954699924263
Singapore,SGP,Population density (people per sq. km of land area),EN.POP.DNST,7915.73043612911
Sint Maarten (Dutch part),SXM,"International tourism, receipts (current US$)",ST.INT.RCPT.CD,646000000
Sint Maarten (Dutch part),SXM,Net migration,SM.POP.NETM,..
Sint Maarten (Dutch part),SXM,Population growth (annual %),SP.POP.GROW,2.8122921985989
Sint Maarten (Dutch part),SXM,Population density (people per sq. km of land area),EN.POP.DNST,1209.08823529412
Slovak Republic,SVK,"International tourism, receipts (current US$)",ST.INT.RCPT.CD,2995000000
Slovak Republic,SVK,Net migration,SM.POP.NETM,4999
Slovak Republic,SVK,Population growth (annual %),SP.POP.GROW,0.167312325554938
Slovak Republic,SVK,Population density (people per sq. km of land area),EN.POP.DNST,113.142512479201
Slovenia,SVN,"International tourism, receipts (current US$)",ST.INT.RCPT.CD,2952000000
Slovenia,SVN,Net migration,SM.POP.NETM,6002
Slovenia,SVN,Population growth (annual %),SP.POP.GROW,0.0825792258051985
Slovenia,SVN,Population density (people per sq. km of land area),EN.POP.DNST,102.608879460927
Solomon Islands,SLB,"International tourism, receipts (current US$)",ST.INT.RCPT.CD,79000000
Solomon Islands,SLB,Net migration,SM.POP.NETM,-12000
Solomon Islands,SLB,Population growth (annual %),SP.POP.GROW,1.96973237099163
Solomon Islands,SLB,Population density (people per sq. km of land area),EN.POP.DNST,21.8414790996785
Somalia,SOM,"International tourism, receipts (current US$)",ST.INT.RCPT.CD,..
Somalia,SOM,Net migration,SM.POP.NETM,-199788
Somalia,SOM,Population growth (annual %),SP.POP.GROW,2.92188314012906
Somalia,SOM,Population density (people per sq. km of land area),EN.POP.DNST,23.5000526030542
South Africa,ZAF,"International tourism, receipts (current US$)",ST.INT.RCPT.CD,9699000000
South Africa,ZAF,Net migration,SM.POP.NETM,300000
South Africa,ZAF,Population growth (annual %),SP.POP.GROW,1.24487837812685
South Africa,ZAF,Population density (people per sq. km of land area),EN.POP.DNST,46.754285337444
South Sudan,SSD,"International tourism, receipts (current US$)",ST.INT.RCPT.CD,26000000
South Sudan,SSD,Net migration,SM.POP.NETM,150000
South Sudan,SSD,Population growth (annual %),SP.POP.GROW,2.78158564915929
South Sudan,SSD,Population density (people per sq. km of land area),EN.POP.DNST,..
Spain,ESP,"International tourism, receipts (current US$)",ST.INT.RCPT.CD,68437000000
Spain,ESP,Net migration,SM.POP.NETM,200000
Spain,ESP,Population growth (annual %),SP.POP.GROW,0.18906022421955
Spain,ESP,Population density (people per sq. km of land area),EN.POP.DNST,93.2253514197302
Sri Lanka,LKA,"International tourism, receipts (current US$)",ST.INT.RCPT.CD,5083000000
Sri Lanka,LKA,Net migration,SM.POP.NETM,-449999
Sri Lanka,LKA,Population growth (annual %),SP.POP.GROW,1.13022048648777
Sri Lanka,LKA,Population density (people per sq. km of land area),EN.POP.DNST,341.955031095519
St. Kitts and Nevis,KNA,"International tourism, receipts (current US$)",ST.INT.RCPT.CD,354000000
St. Kitts and Nevis,KNA,Net migration,SM.POP.NETM,..
St. Kitts and Nevis,KNA,Population growth (annual %),SP.POP.GROW,0.951298861162768
St. Kitts and Nevis,KNA,Population density (people per sq. km of land area),EN.POP.DNST,212.865384615385
St. Lucia,LCA,"International tourism, receipts (current US$)",ST.INT.RCPT.CD,801000000
St. Lucia,LCA,Net migration,SM.POP.NETM,40
St. Lucia,LCA,Population growth (annual %),SP.POP.GROW,0.464610107213174
St. Lucia,LCA,Population density (people per sq. km of land area),EN.POP.DNST,293.186885245902
St. Martin (French part),MAF,"International tourism, receipts (current US$)",ST.INT.RCPT.CD,..
St. Martin (French part),MAF,Net migration,SM.POP.NETM,..
St. Martin (French part),MAF,Population growth (annual %),SP.POP.GROW,0.54936617861992
St. Martin (French part),MAF,Population density (people per sq. km of land area),EN.POP.DNST,590.533088235294
St. Vincent and the Grenadines,VCT,"International tourism, receipts (current US$)",ST.INT.RCPT.CD,217400000
St. Vincent and the Grenadines,VCT,Net migration,SM.POP.NETM,-2996
St. Vincent and the Grenadines,VCT,Population growth (annual %),SP.POP.GROW,0.231393015698368
St. Vincent and the Grenadines,VCT,Population density (people per sq. km of land area),EN.POP.DNST,281.78717948718
Sudan,SDN,"International tourism, receipts (current US$)",ST.INT.RCPT.CD,1029000000
Sudan,SDN,Net migration,SM.POP.NETM,-250001
Sudan,SDN,Population growth (annual %),SP.POP.GROW,2.38302698057069
Sudan,SDN,Population density (people per sq. km of land area),EN.POP.DNST,23.2584175084175
Suriname,SUR,"International tourism, receipts (current US$)",ST.INT.RCPT.CD,61000000
Suriname,SUR,Net migration,SM.POP.NETM,-4999
Suriname,SUR,Population growth (annual %),SP.POP.GROW,0.89751620959064
Suriname,SUR,Population density (people per sq. km of land area),EN.POP.DNST,3.61155128205128
Sweden,SWE,"International tourism, receipts (current US$)",ST.INT.RCPT.CD,14205000000
Sweden,SWE,Net migration,SM.POP.NETM,200000
Sweden,SWE,Population growth (annual %),SP.POP.GROW,1.44727890007541
Sweden,SWE,Population density (people per sq. km of land area),EN.POP.DNST,24.7176450369497
Switzerland,CHE,"International tourism, receipts (current US$)",ST.INT.RCPT.CD,20134000000
Switzerland,CHE,Net migration,SM.POP.NETM,250000
Switzerland,CHE,Population growth (annual %),SP.POP.GROW,1.10075398722708
Switzerland,CHE,Population density (people per sq. km of land area),EN.POP.DNST,214.242757130746
Syrian Arab Republic,SYR,"International tourism, receipts (current US$)",ST.INT.RCPT.CD,..
Syrian Arab Republic,SYR,Net migration,SM.POP.NETM,-1240000
Syrian Arab Republic,SYR,Population growth (annual %),SP.POP.GROW,-0.875120546475725
Syrian Arab Republic,SYR,Population density (people per sq. km of land area),EN.POP.DNST,99.4928279692861
Tajikistan,TJK,"International tourism, receipts (current US$)",ST.INT.RCPT.CD,171600000
Tajikistan,TJK,Net migration,SM.POP.NETM,-99999
Tajikistan,TJK,Population growth (annual %),SP.POP.GROW,2.11141618431339
Tajikistan,TJK,Population density (people per sq. km of land area),EN.POP.DNST,64.2794365588299
Tanzania,TZA,"International tourism, receipts (current US$)",ST.INT.RCPT.CD,2284000000
Tanzania,TZA,Net migration,SM.POP.NETM,-199999
Tanzania,TZA,Population growth (annual %),SP.POP.GROW,3.07923658844019
Tanzania,TZA,Population density (people per sq. km of land area),EN.POP.DNST,64.6985990065478
Thailand,THA,"International tourism, receipts (current US$)",ST.INT.RCPT.CD,62158000000
Thailand,THA,Net migration,SM.POP.NETM,97222
Thailand,THA,Population growth (annual %),SP.POP.GROW,0.252353584486131
Thailand,THA,Population density (people per sq. km of land area),EN.POP.DNST,135.131854215193
Timor-Leste,TLS,"International tourism, receipts (current US$)",ST.INT.RCPT.CD,73000000
Timor-Leste,TLS,Net migration,SM.POP.NETM,-50004
Timor-Leste,TLS,Population growth (annual %),SP.POP.GROW,2.15526424183978
Timor-Leste,TLS,Population density (people per sq. km of land area),EN.POP.DNST,87.176260928043
Togo,TGO,"International tourism, receipts (current US$)",ST.INT.RCPT.CD,..
Togo,TGO,Net migration,SM.POP.NETM,-9999
Togo,TGO,Population growth (annual %),SP.POP.GROW,2.48414689557551
Togo,TGO,Population density (people per sq. km of land area),EN.POP.DNST,143.366317337746
Tonga,TON,"International tourism, receipts (current US$)",ST.INT.RCPT.CD,48500000
Tonga,TON,Net migration,SM.POP.NETM,-4833
Tonga,TON,Population growth (annual %),SP.POP.GROW,0.834802330638377
Tonga,TON,Population density (people per sq. km of land area),EN.POP.DNST,150.027777777778
Trinidad and Tobago,TTO,"International tourism, receipts (current US$)",ST.INT.RCPT.CD,739000000
Trinidad and Tobago,TTO,Net migration,SM.POP.NETM,-4499
Trinidad and Tobago,TTO,Population growth (annual %),SP.POP.GROW,0.304526024019675
Trinidad and Tobago,TTO,Population density (people per sq. km of land area),EN.POP.DNST,266.885964912281
Tunisia,TUN,"International tourism, receipts (current US$)",ST.INT.RCPT.CD,1782000000
Tunisia,TUN,Net migration,SM.POP.NETM,-20000
Tunisia,TUN,Population growth (annual %),SP.POP.GROW,1.12385654480134
Tunisia,TUN,Population density (people per sq. km of land area),EN.POP.DNST,74.2284178681771
Turkey,TUR,"International tourism, receipts (current US$)",ST.INT.RCPT.CD,31870000000
Turkey,TUR,Net migration,SM.POP.NETM,1525002
Turkey,TUR,Population growth (annual %),SP.POP.GROW,1.53829770411437
Turkey,TUR,Population density (people per sq. km of land area),EN.POP.DNST,104.914075594766
Turkmenistan,TKM,"International tourism, receipts (current US$)",ST.INT.RCPT.CD,..
Turkmenistan,TKM,Net migration,SM.POP.NETM,-25001
Turkmenistan,TKM,Population growth (annual %),SP.POP.GROW,1.67299562627925
Turkmenistan,TKM,Population density (people per sq. km of land area),EN.POP.DNST,12.2530483263465
Turks and Caicos Islands,TCA,"International tourism, receipts (current US$)",ST.INT.RCPT.CD,..
Turks and Caicos Islands,TCA,Net migration,SM.POP.NETM,..
Turks and Caicos Islands,TCA,Population growth (annual %),SP.POP.GROW,1.55235824245664
Turks and Caicos Islands,TCA,Population density (people per sq. km of land area),EN.POP.DNST,37.3115789473684
Tuvalu,TUV,"International tourism, receipts (current US$)",ST.INT.RCPT.CD,..
Tuvalu,TUV,Net migration,SM.POP.NETM,..
Tuvalu,TUV,Population growth (annual %),SP.POP.GROW,0.852443584475346
Tuvalu,TUV,Population density (people per sq. km of land area),EN.POP.DNST,373.066666666667
Uganda,UGA,"International tourism, receipts (current US$)",ST.INT.RCPT.CD,940000000
Uganda,UGA,Net migration,SM.POP.NETM,-150000
Uganda,UGA,Population growth (annual %),SP.POP.GROW,3.26046178844302
Uganda,UGA,Population density (people per sq. km of land area),EN.POP.DNST,213.759016556952
Ukraine,UKR,"International tourism, receipts (current US$)",ST.INT.RCPT.CD,1999000000
Ukraine,UKR,Net migration,SM.POP.NETM,-100000
Ukraine,UKR,Population growth (annual %),SP.POP.GROW,-0.386229560904763
Ukraine,UKR,Population density (people per sq. km of land area),EN.POP.DNST,77.3898375597715
United Arab Emirates,ARE,"International tourism, receipts (current US$)",ST.INT.RCPT.CD,21048000000
United Arab Emirates,ARE,Net migration,SM.POP.NETM,301000
United Arab Emirates,ARE,Population growth (annual %),SP.POP.GROW,1.39835914347815
United Arab Emirates,ARE,Population density (people per sq. km of land area),EN.POP.DNST,132.359124190369
United Kingdom,GBR,"International tourism, receipts (current US$)",ST.INT.RCPT.CD,51474000000
United Kingdom,GBR,Net migration,SM.POP.NETM,900000
United Kingdom,GBR,Population growth (annual %),SP.POP.GROW,0.648406783601487
United Kingdom,GBR,Population density (people per sq. km of land area),EN.POP.DNST,272.898247426942
United States,USA,"International tourism, receipts (current US$)",ST.INT.RCPT.CD,251361000000
United States,USA,Net migration,SM.POP.NETM,4500000
United States,USA,Population growth (annual %),SP.POP.GROW,0.712729409498835
United States,USA,Population density (people per sq. km of land area),EN.POP.DNST,35.6077645937324
Uruguay,URY,"International tourism, receipts (current US$)",ST.INT.RCPT.CD,2666000000
Uruguay,URY,Net migration,SM.POP.NETM,-15000
Uruguay,URY,Population growth (annual %),SP.POP.GROW,0.369351256234469
Uruguay,URY,Population density (people per sq. km of land area),EN.POP.DNST,19.7505999314364
Uzbekistan,UZB,"International tourism, receipts (current US$)",ST.INT.RCPT.CD,..
Uzbekistan,UZB,Net migration,SM.POP.NETM,-44314
Uzbekistan,UZB,Population growth (annual %),SP.POP.GROW,1.67918372339528
Uzbekistan,UZB,Population density (people per sq. km of land area),EN.POP.DNST,76.1335213916314
Vanuatu,VUT,"International tourism, receipts (current US$)",ST.INT.RCPT.CD,..
Vanuatu,VUT,Net migration,SM.POP.NETM,604
Vanuatu,VUT,Population growth (annual %),SP.POP.GROW,2.13747925479187
Vanuatu,VUT,Population density (people per sq. km of land area),EN.POP.DNST,22.6615258408532
"Venezuela, RB",VEN,"International tourism, receipts (current US$)",ST.INT.RCPT.CD,..
"Venezuela, RB",VEN,Net migration,SM.POP.NETM,-60493
"Venezuela, RB",VEN,Population growth (annual %),SP.POP.GROW,1.28693075208341
"Venezuela, RB",VEN,Population density (people per sq. km of land area),EN.POP.DNST,36.2531205713962
Vietnam,VNM,"International tourism, receipts (current US$)",ST.INT.RCPT.CD,8890000000
Vietnam,VNM,Net migration,SM.POP.NETM,-200000
Vietnam,VNM,Population growth (annual %),SP.POP.GROW,1.02228932406799
Vietnam,VNM,Population density (people per sq. km of land area),EN.POP.DNST,308.126552068888
Virgin Islands (U.S.),VIR,"International tourism, receipts (current US$)",ST.INT.RCPT.CD,..
Virgin Islands (U.S.),VIR,Net migration,SM.POP.NETM,-2254
Virgin Islands (U.S.),VIR,Population growth (annual %),SP.POP.GROW,-0.225349060342092
Virgin Islands (U.S.),VIR,Population density (people per sq. km of land area),EN.POP.DNST,306.48
West Bank and Gaza,PSE,"International tourism, receipts (current US$)",ST.INT.RCPT.CD,225000000
West Bank and Gaza,PSE,Net migration,SM.POP.NETM,-32816
West Bank and Gaza,PSE,Population growth (annual %),SP.POP.GROW,2.88469662660913
West Bank and Gaza,PSE,Population density (people per sq. km of land area),EN.POP.DNST,778.202159468439
"Yemen, Rep.",YEM,"International tourism, receipts (current US$)",ST.INT.RCPT.CD,..
"Yemen, Rep.",YEM,Net migration,SM.POP.NETM,-150000
"Yemen, Rep.",YEM,Population growth (annual %),SP.POP.GROW,2.3864708419352
"Yemen, Rep.",YEM,Population density (people per sq. km of land area),EN.POP.DNST,53.5076235392162
Zambia,ZMB,"International tourism, receipts (current US$)",ST.INT.RCPT.CD,653000000
Zambia,ZMB,Net migration,SM.POP.NETM,-40000
Zambia,ZMB,Population growth (annual %),SP.POP.GROW,2.98512436170626
Zambia,ZMB,Population density (people per sq. km of land area),EN.POP.DNST,22.9948344745019
Zimbabwe,ZWE,"International tourism, receipts (current US$)",ST.INT.RCPT.CD,158000000
Zimbabwe,ZWE,Net migration,SM.POP.NETM,-99998
Zimbabwe,ZWE,Population growth (annual %),SP.POP.GROW,2.32286399154265
Zimbabwe,ZWE,Population density (people per sq. km of land area),EN.POP.DNST,42.7294920511826
Arab World,ARB,"International tourism, receipts (current US$)",ST.INT.RCPT.CD,99836322949.4084
Arab World,ARB,Net migration,SM.POP.NETM,-544526
Arab World,ARB,Population growth (annual %),SP.POP.GROW,1.97789218715714
Arab World,ARB,Population density (people per sq. km of land area),EN.POP.DNST,36.9006420043588
Caribbean small states,CSS,"International tourism, receipts (current US$)",ST.INT.RCPT.CD,10633530905.9299
Caribbean small states,CSS,Net migration,SM.POP.NETM,-119655
Caribbean small states,CSS,Population growth (annual %),SP.POP.GROW,0.535810503442718
Caribbean small states,CSS,Population density (people per sq. km of land area),EN.POP.DNST,17.9925750277881
Central Europe and the Baltics,CEB,"International tourism, receipts (current US$)",ST.INT.RCPT.CD,59794000000
Central Europe and the Baltics,CEB,Net migration,SM.POP.NETM,-243005
Central Europe and the Baltics,CEB,Population growth (annual %),SP.POP.GROW,-0.259471532334544
Central Europe and the Baltics,CEB,Population density (people per sq. km of land area),EN.POP.DNST,92.9611601458629
Early-demographic dividend,EAR,"International tourism, receipts (current US$)",ST.INT.RCPT.CD,215754423199.285
Early-demographic dividend,EAR,Net migration,SM.POP.NETM,-9215471
Early-demographic dividend,EAR,Population growth (annual %),SP.POP.GROW,1.3489082577272
Early-demographic dividend,EAR,Population density (people per sq. km of land area),EN.POP.DNST,97.0596530713358
East Asia & Pacific,EAS,"International tourism, receipts (current US$)",ST.INT.RCPT.CD,372953582475.117
East Asia & Pacific,EAS,Net migration,SM.POP.NETM,-1410154
East Asia & Pacific,EAS,Population growth (annual %),SP.POP.GROW,0.680298813363251
East Asia & Pacific,EAS,Population density (people per sq. km of land area),EN.POP.DNST,94.8636659149228
East Asia & Pacific (excluding high income),EAP,"International tourism, receipts (current US$)",ST.INT.RCPT.CD,154114986075.754
East Asia & Pacific (excluding high income),EAP,Net migration,SM.POP.NETM,-3408905
East Asia & Pacific (excluding high income),EAP,Population growth (annual %),SP.POP.GROW,0.730981999161486
East Asia & Pacific (excluding high income),EAP,Population density (people per sq. km of land area),EN.POP.DNST,129.971934081126
East Asia & Pacific (IDA & IBRD countries),TEA,"International tourism, receipts (current US$)",ST.INT.RCPT.CD,154071929713.448
East Asia & Pacific (IDA & IBRD countries),TEA,Net migration,SM.POP.NETM,-3398749
East Asia & Pacific (IDA & IBRD countries),TEA,Population growth (annual %),SP.POP.GROW,0.734114717427786
East Asia & Pacific (IDA & IBRD countries),TEA,Population density (people per sq. km of land area),EN.POP.DNST,129.344533996904
Euro area,EMU,"International tourism, receipts (current US$)",ST.INT.RCPT.CD,375582000000
Euro area,EMU,Net migration,SM.POP.NETM,3318998
Euro area,EMU,Population growth (annual %),SP.POP.GROW,0.248899237679765
Euro area,EMU,Population density (people per sq. km of land area),EN.POP.DNST,127.463565066716
Europe & Central Asia,ECS,"International tourism, receipts (current US$)",ST.INT.RCPT.CD,594539063183.508
Europe & Central Asia,ECS,Net migration,SM.POP.NETM,6488515
Europe & Central Asia,ECS,Population growth (annual %),SP.POP.GROW,0.42333442101372
Europe & Central Asia,ECS,Population density (people per sq. km of land area),EN.POP.DNST,33.3652336405035
Europe & Central Asia (excluding high income),ECA,"International tourism, receipts (current US$)",ST.INT.RCPT.CD,75027754457.4238
Europe & Central Asia (excluding high income),ECA,Net migration,SM.POP.NETM,1602472
Europe & Central Asia (excluding high income),ECA,Population growth (annual %),SP.POP.GROW,0.559308713819178
Europe & Central Asia (excluding high income),ECA,Population density (people per sq. km of land area),EN.POP.DNST,18.3689761862638
Europe & Central Asia (IDA & IBRD countries),TEC,"International tourism, receipts (current US$)",ST.INT.RCPT.CD,100313532542.072
Europe & Central Asia (IDA & IBRD countries),TEC,Net migration,SM.POP.NETM,1512470
Europe & Central Asia (IDA & IBRD countries),TEC,Population growth (annual %),SP.POP.GROW,0.498126209586246
Europe & Central Asia (IDA & IBRD countries),TEC,Population density (people per sq. km of land area),EN.POP.DNST,19.9112975840902
European Union,EUU,"International tourism, receipts (current US$)",ST.INT.RCPT.CD,498264000000
European Union,EUU,Net migration,SM.POP.NETM,4320989
European Union,EUU,Population growth (annual %),SP.POP.GROW,0.243013287300613
European Union,EUU,Population density (people per sq. km of land area),EN.POP.DNST,120.900763719307
Fragile and conflict affected situations,FCS,"International tourism, receipts (current US$)",ST.INT.RCPT.CD,..
Fragile and conflict affected situations,FCS,Net migration,SM.POP.NETM,-2918749
Fragile and conflict affected situations,FCS,Population growth (annual %),SP.POP.GROW,2.36795885510392
Fragile and conflict affected situations,FCS,Population density (people per sq. km of land area),EN.POP.DNST,39.5358089823992
Heavily indebted poor countries (HIPC),HPC,"International tourism, receipts (current US$)",ST.INT.RCPT.CD,16744380102.3383
Heavily indebted poor countries (HIPC),HPC,Net migration,SM.POP.NETM,-2453870
Heavily indebted poor countries (HIPC),HPC,Population growth (annual %),SP.POP.GROW,2.75439457819195
Heavily indebted poor countries (HIPC),HPC,Population density (people per sq. km of land area),EN.POP.DNST,44.0256333134631
High income,HIC,"International tourism, receipts (current US$)",ST.INT.RCPT.CD,1114869331658.14
High income,HIC,Net migration,SM.POP.NETM,14628870
High income,HIC,Population growth (annual %),SP.POP.GROW,0.557797778045227
High income,HIC,Population density (people per sq. km of land area),EN.POP.DNST,32.9724362218284
IBRD only,IBD,"International tourism, receipts (current US$)",ST.INT.RCPT.CD,414604339913.711
IBRD only,IBD,Net migration,SM.POP.NETM,-5886312
IBRD only,IBD,Population growth (annual %),SP.POP.GROW,0.937003693830235
IBRD only,IBD,Population density (people per sq. km of land area),EN.POP.DNST,68.3496202649355
IDA & IBRD total,IBT,"International tourism, receipts (current US$)",ST.INT.RCPT.CD,454494415268.203
IDA & IBRD total,IBT,Net migration,SM.POP.NETM,-14456546
IDA & IBRD total,IBT,Population growth (annual %),SP.POP.GROW,1.26913013001877
IDA & IBRD total,IBT,Population density (people per sq. km of land area),EN.POP.DNST,68.0649395306656
IDA blend,IDB,"International tourism, receipts (current US$)",ST.INT.RCPT.CD,9164816447.45587
IDA blend,IDB,Net migration,SM.POP.NETM,-1704262
IDA blend,IDB,Population growth (annual %),SP.POP.GROW,2.27654322961412
IDA blend,IDB,Population density (people per sq. km of land area),EN.POP.DNST,89.7716159021819
IDA only,IDX,"International tourism, receipts (current US$)",ST.INT.RCPT.CD,..
IDA only,IDX,Net migration,SM.POP.NETM,-6865972
IDA only,IDX,Population growth (annual %),SP.POP.GROW,2.25253590259507
IDA only,IDX,Population density (people per sq. km of land area),EN.POP.DNST,59.8097543187827
IDA total,IDA,"International tourism, receipts (current US$)",ST.INT.RCPT.CD,..
IDA total,IDA,Net migration,SM.POP.NETM,-8570234
IDA total,IDA,Population growth (annual %),SP.POP.GROW,2.26048306445144
IDA total,IDA,Population density (people per sq. km of land area),EN.POP.DNST,67.2398217528405
Late-demographic dividend,LTE,"International tourism, receipts (current US$)",ST.INT.RCPT.CD,304416030950.307
Late-demographic dividend,LTE,Net migration,SM.POP.NETM,-1098140
Late-demographic dividend,LTE,Population growth (annual %),SP.POP.GROW,0.603126295316841
Late-demographic dividend,LTE,Population density (people per sq. km of land area),EN.POP.DNST,51.1742416623798
Latin America & Caribbean,LCN,"International tourism, receipts (current US$)",ST.INT.RCPT.CD,101816607684.191
Latin America & Caribbean,LCN,Net migration,SM.POP.NETM,-1671839
Latin America & Caribbean,LCN,Population growth (annual %),SP.POP.GROW,1.01523327595044
Latin America & Caribbean,LCN,Population density (people per sq. km of land area),EN.POP.DNST,32.1436175388633
Latin America & Caribbean (excluding high income),LAC,"International tourism, receipts (current US$)",ST.INT.RCPT.CD,66803820282.0659
Latin America & Caribbean (excluding high income),LAC,Net migration,SM.POP.NETM,-1731412
Latin America & Caribbean (excluding high income),LAC,Population growth (annual %),SP.POP.GROW,1.04614375863949
Latin America & Caribbean (excluding high income),LAC,Population density (people per sq. km of land area),EN.POP.DNST,34.8930394098109
Latin America & the Caribbean (IDA & IBRD countries),TLA,"International tourism, receipts (current US$)",ST.INT.RCPT.CD,85025724945.1691
Latin America & the Caribbean (IDA & IBRD countries),TLA,Net migration,SM.POP.NETM,-1500234
Latin America & the Caribbean (IDA & IBRD countries),TLA,Population growth (annual %),SP.POP.GROW,1.04979958157492
Latin America & the Caribbean (IDA & IBRD countries),TLA,Population density (people per sq. km of land area),EN.POP.DNST,31.5391883818281
Least developed countries: UN classification,LDC,"International tourism, receipts (current US$)",ST.INT.RCPT.CD,23182863881.9807
Least developed countries: UN classification,LDC,Net migration,SM.POP.NETM,-5247506
Least developed countries: UN classification,LDC,Population growth (annual %),SP.POP.GROW,2.35841502742645
Least developed countries: UN classification,LDC,Population density (people per sq. km of land area),EN.POP.DNST,56.4373041479421
Low & middle income,LMY,"International tourism, receipts (current US$)",ST.INT.RCPT.CD,410641415588.252
Low & middle income,LMY,Net migration,SM.POP.NETM,-14639694
Low & middle income,LMY,Population growth (annual %),SP.POP.GROW,1.27819936524214
Low & middle income,LMY,Population density (people per sq. km of land area),EN.POP.DNST,70.2036196411007
Low income,LIC,"International tourism, receipts (current US$)",ST.INT.RCPT.CD,..
Low income,LIC,Net migration,SM.POP.NETM,-3675622
Low income,LIC,Population growth (annual %),SP.POP.GROW,2.58062880958256
Low income,LIC,Population density (people per sq. km of land area),EN.POP.DNST,51.462697743714
Lower middle income,LMC,"International tourism, receipts (current US$)",ST.INT.RCPT.CD,112982351159.13
Lower middle income,LMC,Net migration,SM.POP.NETM,-10438795
Lower middle income,LMC,Population growth (annual %),SP.POP.GROW,1.41815789470165
Lower middle income,LMC,Population density (people per sq. km of land area),EN.POP.DNST,150.867996522429
Middle East & North Africa,MEA,"International tourism, receipts (current US$)",ST.INT.RCPT.CD,112457480389.398
Middle East & North Africa,MEA,Net migration,SM.POP.NETM,-330734
Middle East & North Africa,MEA,Population growth (annual %),SP.POP.GROW,1.73659847818475
Middle East & North Africa,MEA,Population density (people per sq. km of land area),EN.POP.DNST,39.588698953559
Middle East & North Africa (excluding high income),MNA,"International tourism, receipts (current US$)",ST.INT.RCPT.CD,44212139136.4493
Middle East & North Africa (excluding high income),MNA,Net migration,SM.POP.NETM,-2416237
Middle East & North Africa (excluding high income),MNA,Population growth (annual %),SP.POP.GROW,1.65437831367737
Middle East & North Africa (excluding high income),MNA,Population density (people per sq. km of land area),EN.POP.DNST,43.9645773375444
Middle East & North Africa (IDA & IBRD countries),TMN,"International tourism, receipts (current US$)",ST.INT.RCPT.CD,44031584213.233
Middle East & North Africa (IDA & IBRD countries),TMN,Net migration,SM.POP.NETM,-2383421
Middle East & North Africa (IDA & IBRD countries),TMN,Population growth (annual %),SP.POP.GROW,1.63869142875687
Middle East & North Africa (IDA & IBRD countries),TMN,Population density (people per sq. km of land area),EN.POP.DNST,43.4526983065479
Middle income,MIC,"International tourism, receipts (current US$)",ST.INT.RCPT.CD,396283057201.422
Middle income,MIC,Net migration,SM.POP.NETM,-10964072
Middle income,MIC,Population growth (annual %),SP.POP.GROW,1.1087452671632
Middle income,MIC,Population density (people per sq. km of land area),EN.POP.DNST,73.7487102344079
North America,NAC,"International tourism, receipts (current US$)",ST.INT.RCPT.CD,272278000000
North America,NAC,Net migration,SM.POP.NETM,5600000
North America,NAC,Population growth (annual %),SP.POP.GROW,0.766346131500711
North America,NAC,Population density (people per sq. km of land area),EN.POP.DNST,19.8724313337472
Not classified,INX,"International tourism, receipts (current US$)",ST.INT.RCPT.CD,..
Not classified,INX,Net migration,SM.POP.NETM,..
Not classified,INX,Population growth (annual %),SP.POP.GROW,..
Not classified,INX,Population density (people per sq. km of land area),EN.POP.DNST,..
OECD members,OED,"International tourism, receipts (current US$)",ST.INT.RCPT.CD,951079000000
OECD members,OED,Net migration,SM.POP.NETM,13232046
OECD members,OED,Population growth (annual %),SP.POP.GROW,0.619528874376456
OECD members,OED,Population density (people per sq. km of land area),EN.POP.DNST,37.7319586736147
Other small states,OSS,"International tourism, receipts (current US$)",ST.INT.RCPT.CD,..
Other small states,OSS,Net migration,SM.POP.NETM,446398
Other small states,OSS,Population growth (annual %),SP.POP.GROW,2.02753519366929
Other small states,OSS,Population density (people per sq. km of land area),EN.POP.DNST,15.0707094138307
Pacific island small states,PSS,"International tourism, receipts (current US$)",ST.INT.RCPT.CD,2030665777.6751
Pacific island small states,PSS,Net migration,SM.POP.NETM,-56855
Pacific island small states,PSS,Population growth (annual %),SP.POP.GROW,1.26892365653288
Pacific island small states,PSS,Population density (people per sq. km of land area),EN.POP.DNST,37.6820560747664
Post-demographic dividend,PST,"International tourism, receipts (current US$)",ST.INT.RCPT.CD,967146000000
Post-demographic dividend,PST,Net migration,SM.POP.NETM,12156364
Post-demographic dividend,PST,Population growth (annual %),SP.POP.GROW,0.416796639495814
Post-demographic dividend,PST,Population density (people per sq. km of land area),EN.POP.DNST,35.1841696394188
Pre-demographic dividend,PRE,"International tourism, receipts (current US$)",ST.INT.RCPT.CD,18560372700.4505
Pre-demographic dividend,PRE,Net migration,SM.POP.NETM,-2004805
Pre-demographic dividend,PRE,Population growth (annual %),SP.POP.GROW,2.85540810845559
Pre-demographic dividend,PRE,Population density (people per sq. km of land area),EN.POP.DNST,50.8394291996861
Small states,SST,"International tourism, receipts (current US$)",ST.INT.RCPT.CD,..
Small states,SST,Net migration,SM.POP.NETM,269888
Small states,SST,Population growth (annual %),SP.POP.GROW,1.70921284106149
Small states,SST,Population density (people per sq. km of land area),EN.POP.DNST,16.1241678462961
South Asia,SAS,"International tourism, receipts (current US$)",ST.INT.RCPT.CD,37902000000
South Asia,SAS,Net migration,SM.POP.NETM,-6962017
South Asia,SAS,Population growth (annual %),SP.POP.GROW,1.24520019663068
South Asia,SAS,Population density (people per sq. km of land area),EN.POP.DNST,374.798254919313
South Asia (IDA & IBRD),TSA,"International tourism, receipts (current US$)",ST.INT.RCPT.CD,37902000000
South Asia (IDA & IBRD),TSA,Net migration,SM.POP.NETM,-6962017
South Asia (IDA & IBRD),TSA,Population growth (annual %),SP.POP.GROW,1.24520019663068
South Asia (IDA & IBRD),TSA,Population density (people per sq. km of land area),EN.POP.DNST,374.798254919313
Sub-Saharan Africa,SSF,"International tourism, receipts (current US$)",ST.INT.RCPT.CD,34409364414.1695
Sub-Saharan Africa,SSF,Net migration,SM.POP.NETM,-1724595
Sub-Saharan Africa,SSF,Population growth (annual %),SP.POP.GROW,2.6998290709235
Sub-Saharan Africa,SSF,Population density (people per sq. km of land area),EN.POP.DNST,49.9524380080421
Sub-Saharan Africa (excluding high income),SSA,"International tourism, receipts (current US$)",ST.INT.RCPT.CD,33780799541.9929
Sub-Saharan Africa (excluding high income),SSA,Net migration,SM.POP.NETM,-1723595
Sub-Saharan Africa (excluding high income),SSA,Population growth (annual %),SP.POP.GROW,2.69996362642253
Sub-Saharan Africa (excluding high income),SSA,Population density (people per sq. km of land area),EN.POP.DNST,49.9490077652161
Sub-Saharan Africa (IDA & IBRD countries),TSS,"International tourism, receipts (current US$)",ST.INT.RCPT.CD,34409364414.1695
Sub-Saharan Africa (IDA & IBRD countries),TSS,Net migration,SM.POP.NETM,-1724595
Sub-Saharan Africa (IDA & IBRD countries),TSS,Population growth (annual %),SP.POP.GROW,2.6998290709235
Sub-Saharan Africa (IDA & IBRD countries),TSS,Population density (people per sq. km of land area),EN.POP.DNST,49.9524380080421
Upper middle income,UMC,"International tourism, receipts (current US$)",ST.INT.RCPT.CD,283069016656.825
Upper middle income,UMC,Net migration,SM.POP.NETM,-525277
Upper middle income,UMC,Population growth (annual %),SP.POP.GROW,0.754056384223816
Upper middle income,UMC,Population density (people per sq. km of land area),EN.POP.DNST,46.3877273211593
World,WLD,"International tourism, receipts (current US$)",ST.INT.RCPT.CD,1525677407603.49
World,WLD,Net migration,SM.POP.NETM,0
World,WLD,Population growth (annual %),SP.POP.GROW,1.15799262263741
World,WLD,Population density (people per sq. km of land area),EN.POP.DNST,59.12905932924
,,,,
,,,,
,,,,
Data from database: World Development Indicators,,,,
Last Updated: 03/21/2019,,,,
